"Date","Price","Open","High","Low","Change %"
"Jan 04, 2024","7.060","7.078","7.078","7.054","0.03%"
"Jan 03, 2024","7.058","7.091","7.091","7.058","-0.10%"
"Jan 02, 2024","7.065","7.085","7.085","7.065","-0.28%"
"Jan 01, 2024","7.085","7.103","7.103","7.068","0.07%"
"Dec 29, 2023","7.080","7.111","7.111","7.072","-0.20%"
"Dec 28, 2023","7.094","7.093","7.108","7.083","0.30%"
"Dec 27, 2023","7.073","7.091","7.091","7.073","-0.10%"
"Dec 26, 2023","7.080","7.114","7.114","7.080","0.23%"
"Dec 22, 2023","7.064","7.083","7.088","7.064","0.60%"
"Dec 21, 2023","7.022","7.072","7.106","7.022","-0.48%"
"Dec 20, 2023","7.056","7.075","7.075","7.056","-0.07%"
"Dec 19, 2023","7.061","7.078","7.078","7.059","0.09%"
"Dec 18, 2023","7.055","7.082","7.086","7.055","-0.04%"
"Dec 15, 2023","7.058","7.124","7.124","7.041","-0.72%"
"Dec 14, 2023","7.109","7.157","7.157","7.109","-1.18%"
"Dec 13, 2023","7.194","7.204","7.204","7.194","-0.21%"
"Dec 12, 2023","7.209","7.285","7.285","7.207","-0.19%"
"Dec 11, 2023","7.223","7.244","7.272","7.220","0.04%"
"Dec 08, 2023","7.220","7.233","7.266","7.219","-0.04%"
"Dec 07, 2023","7.223","7.252","7.252","7.223","0.03%"
"Dec 06, 2023","7.221","7.240","7.240","7.221","-0.21%"
"Dec 05, 2023","7.236","7.258","7.258","7.229","-0.21%"
"Dec 04, 2023","7.251","7.266","7.266","7.246","-0.29%"
"Dec 01, 2023","7.272","7.293","7.293","7.269","0.12%"
"Nov 30, 2023","7.263","7.268","7.268","7.259","0.17%"
"Nov 29, 2023","7.251","7.281","7.281","7.251","-0.40%"
"Nov 28, 2023","7.280","7.284","7.284","7.277","0.26%"
"Nov 24, 2023","7.261","7.282","7.282","7.261","0.14%"
"Nov 23, 2023","7.251","7.275","7.275","7.250","-0.01%"
"Nov 22, 2023","7.252","7.273","7.273","7.250","0.11%"
"Nov 21, 2023","7.244","7.215","7.267","7.215","0.35%"
"Nov 20, 2023","7.219","7.246","7.251","7.219","0.36%"
"Nov 17, 2023","7.193","7.216","7.216","7.188","0.03%"
"Nov 16, 2023","7.191","7.216","7.216","7.191","-0.19%"
"Nov 15, 2023","7.205","7.243","7.313","7.200","-0.62%"
"Nov 13, 2023","7.250","7.250","7.250","7.250","-0.12%"
"Nov 10, 2023","7.259","7.286","7.286","7.259","0.17%"
"Nov 09, 2023","7.247","7.369","7.369","7.247","0.30%"
"Nov 08, 2023","7.225","7.245","7.297","7.225","-0.37%"
"Nov 07, 2023","7.252","7.318","7.318","7.252","-0.12%"
"Nov 06, 2023","7.261","7.298","7.298","7.261","-0.34%"
"Nov 03, 2023","7.286","7.294","7.294","7.286","-0.05%"
"Nov 02, 2023","7.290","7.356","7.356","7.290","-0.71%"
"Nov 01, 2023","7.342","7.364","7.364","7.341","0.31%"
"Oct 31, 2023","7.319","7.331","7.331","7.311","-0.08%"
"Oct 30, 2023","7.325","7.356","7.356","7.325","0.05%"
"Oct 27, 2023","7.321","7.346","7.346","7.321","-0.30%"
"Oct 26, 2023","7.343","7.350","7.350","7.342","0.04%"
"Oct 25, 2023","7.340","7.342","7.342","7.340","-0.04%"
"Oct 23, 2023","7.343","7.383","7.383","7.343","0.26%"
"Oct 20, 2023","7.324","7.333","7.442","7.324","-0.23%"
"Oct 19, 2023","7.341","7.433","7.433","7.341","0.03%"
"Oct 18, 2023","7.339","7.384","7.384","7.339","0.25%"
"Oct 17, 2023","7.321","7.325","7.325","7.321","-0.05%"
"Oct 16, 2023","7.325","7.359","7.359","7.325","0.40%"
"Oct 13, 2023","7.296","7.350","7.350","7.286","-0.46%"
"Oct 12, 2023","7.330","7.360","7.360","7.330","0.25%"
"Oct 11, 2023","7.312","7.356","7.356","7.312","-0.34%"
"Oct 10, 2023","7.337","7.434","7.434","7.337","-0.46%"
"Oct 09, 2023","7.371","7.459","7.459","7.371","0.33%"
"Oct 06, 2023","7.347","7.352","7.400","7.347","0.84%"
"Oct 05, 2023","7.286","7.304","7.304","7.286","-0.23%"
"Oct 04, 2023","7.303","7.348","7.348","7.290","0.33%"
"Oct 03, 2023","7.279","7.314","7.557","7.261","0.32%"
"Sep 29, 2023","7.256","7.291","7.291","7.256","-0.23%"
"Sep 28, 2023","7.273","7.253","7.292","7.244","11.62%"
"Sep 27, 2023","6.516","6.516","6.516","6.516","-9.68%"
"Sep 26, 2023","7.214","7.269","7.269","7.214","1.29%"
"Sep 25, 2023","7.122","7.293","7.293","7.122","-1.11%"
"Sep 22, 2023","7.202","7.246","7.246","7.202","0.19%"
"Sep 21, 2023","7.188","7.213","7.213","7.152","-0.11%"
"Sep 20, 2023","7.196","7.304","7.304","7.190","-0.06%"
"Sep 18, 2023","7.200","7.238","7.248","7.195","0.42%"
"Sep 15, 2023","7.170","7.168","7.225","7.158","0.32%"
"Sep 14, 2023","7.147","7.156","7.169","7.134","-0.46%"
"Sep 13, 2023","7.180","7.203","7.250","7.180","-0.83%"
"Sep 12, 2023","7.240","7.274","7.274","7.236","0.68%"
"Sep 11, 2023","7.191","7.223","7.260","7.191","-0.12%"
"Sep 08, 2023","7.200","7.195","7.251","7.190","0.28%"
"Sep 07, 2023","7.180","7.206","7.206","7.180","-0.50%"
"Sep 06, 2023","7.216","7.239","7.244","7.206","0.46%"
"Sep 05, 2023","7.183","7.207","7.207","7.183","-0.01%"
"Sep 04, 2023","7.184","7.231","7.240","7.184","0.34%"
"Sep 01, 2023","7.160","7.161","7.184","7.156","0.72%"
"Aug 31, 2023","7.109","7.151","7.151","7.107","-0.24%"
"Aug 30, 2023","7.126","7.148","7.148","7.126","0.45%"
"Aug 29, 2023","7.094","7.173","7.173","7.094","-0.17%"
"Aug 28, 2023","7.106","7.163","7.163","7.106","0.08%"
"Aug 25, 2023","7.100","7.173","7.173","7.100","-0.24%"
"Aug 24, 2023","7.117","7.134","7.146","7.107","0.31%"
"Aug 23, 2023","7.095","7.210","7.210","7.095","-0.31%"
"Aug 22, 2023","7.117","7.220","7.220","7.117","1.25%"
"Aug 21, 2023","7.029","7.217","7.217","7.029","-2.18%"
"Aug 18, 2023","7.186","7.220","7.220","7.159","-0.36%"
"Aug 17, 2023","7.212","7.236","7.236","7.212","1.24%"
"Aug 14, 2023","7.124","7.172","7.172","7.124","0.01%"
"Aug 11, 2023","7.123","7.224","7.224","7.122","0.56%"
"Aug 10, 2023","7.083","7.186","7.186","7.083","0.16%"
"Aug 09, 2023","7.072","7.105","7.105","7.063","0.16%"
"Aug 08, 2023","7.061","7.150","7.150","7.061","-0.18%"
"Aug 07, 2023","7.074","7.076","7.100","7.070","-0.16%"
"Aug 04, 2023","7.085","7.085","7.085","7.085","0.24%"
"Aug 03, 2023","7.068","7.101","7.101","7.068","0.27%"
"Aug 02, 2023","7.049","7.075","7.134","7.049","0.11%"
"Aug 01, 2023","7.041","7.090","7.090","7.041","-0.49%"
"Jul 31, 2023","7.076","7.090","7.090","7.076","0.40%"
"Jul 28, 2023","7.048","7.174","7.174","7.048","0.63%"
"Jul 27, 2023","7.004","7.058","7.088","7.004","-0.03%"
"Jul 26, 2023","7.006","7.059","7.059","7.006","0.11%"
"Jul 25, 2023","6.998","7.025","7.060","6.998","-0.07%"
"Jul 24, 2023","7.003","7.014","7.014","7.003","-0.01%"
"Jul 21, 2023","7.004","7.027","7.027","7.004","0.11%"
"Jul 20, 2023","6.996","6.996","6.996","6.996","0.11%"
"Jul 19, 2023","6.988","6.988","6.988","6.988","0.20%"
"Jul 18, 2023","6.974","6.991","6.991","6.974","-0.11%"
"Jul 17, 2023","6.982","7.068","7.068","6.982","-0.13%"
"Jul 14, 2023","6.991","6.991","6.991","6.991","0.00%"
"Jul 13, 2023","6.991","7.014","7.014","6.991","-0.43%"
"Jul 12, 2023","7.021","7.021","7.021","7.021","0.13%"
"Jul 11, 2023","7.012","7.074","7.074","7.012","-0.57%"
"Jul 10, 2023","7.052","7.075","7.075","7.052","0.07%"
"Jul 07, 2023","7.047","7.105","7.105","7.047","-0.03%"
"Jul 06, 2023","7.049","7.079","7.079","7.049","0.34%"
"Jul 05, 2023","7.025","7.051","7.051","7.025","0.03%"
"Jul 04, 2023","7.023","7.081","7.081","7.023","0.29%"
"Jul 03, 2023","7.003","7.082","7.082","7.003","0.85%"
"Jun 30, 2023","6.944","7.013","7.055","6.944","0.32%"
"Jun 28, 2023","6.922","6.935","6.956","6.921","-0.12%"
"Jun 27, 2023","6.930","6.935","6.935","6.928","0.07%"
"Jun 26, 2023","6.925","6.941","6.955","6.925","0.12%"
"Jun 23, 2023","6.917","7.024","7.024","6.917","-0.04%"
"Jun 22, 2023","6.920","6.933","6.961","6.920","-0.45%"
"Jun 21, 2023","6.951","6.931","6.951","6.931","0.20%"
"Jun 20, 2023","6.937","6.981","6.981","6.912","0.46%"
"Jun 19, 2023","6.905","6.946","6.946","6.899","0.22%"
"Jun 16, 2023","6.890","6.987","6.987","6.890","0.57%"
"Jun 15, 2023","6.851","6.945","6.945","6.851","-0.67%"
"Jun 14, 2023","6.897","6.986","6.986","6.897","0.41%"
"Jun 13, 2023","6.869","6.952","6.952","6.869","0.10%"
"Jun 12, 2023","6.862","7.005","7.005","6.862","-0.45%"
"Jun 09, 2023","6.893","6.918","6.941","6.893","0.01%"
"Jun 08, 2023","6.892","6.937","6.937","6.864","1.12%"
"Jun 07, 2023","6.816","6.850","6.950","6.816","0.10%"
"Jun 06, 2023","6.809","6.870","6.870","6.809","-0.09%"
"Jun 05, 2023","6.815","6.897","6.897","6.815","0.09%"
"Jun 02, 2023","6.809","6.870","6.870","6.809","0.28%"
"Jun 01, 2023","6.790","6.850","6.883","6.790","-0.18%"
"May 31, 2023","6.802","6.850","6.850","6.802","-0.60%"
"May 30, 2023","6.843","6.843","6.870","6.843","0.00%"
"May 29, 2023","6.843","6.850","6.949","6.843","0.23%"
"May 26, 2023","6.827","6.850","6.850","6.827","0.09%"
"May 25, 2023","6.821","6.850","6.882","6.821","0.07%"
"May 24, 2023","6.816","6.840","6.840","6.816","0.07%"
"May 23, 2023","6.811","6.817","6.882","6.804","0.46%"
"May 22, 2023","6.780","6.817","6.817","6.771","-0.75%"
"May 19, 2023","6.831","6.915","6.915","6.830","-0.39%"
"May 18, 2023","6.858","6.908","6.908","6.858","0.01%"
"May 17, 2023","6.857","6.908","6.908","6.837","-0.16%"
"May 16, 2023","6.868","6.914","6.914","6.868","-0.03%"
"May 15, 2023","6.870","6.914","6.914","6.870","-0.07%"
"May 12, 2023","6.875","6.914","6.927","6.875","-0.32%"
"May 11, 2023","6.897","6.913","6.933","6.897","-0.03%"
"May 10, 2023","6.899","6.945","6.945","6.899","-0.03%"
"May 09, 2023","6.901","6.939","6.939","6.900","0.06%"
"May 08, 2023","6.897","6.881","6.920","6.881","0.06%"
"May 04, 2023","6.893","6.900","6.900","6.881","0.26%"
"May 03, 2023","6.875","6.873","6.875","6.869","-0.09%"
"May 02, 2023","6.881","6.938","6.938","6.881","-0.09%"
"Apr 28, 2023","6.887","6.913","6.913","6.887","0.00%"
"Apr 27, 2023","6.887","6.912","6.912","6.887","-0.09%"
"Apr 26, 2023","6.893","6.881","6.906","6.881","0.09%"
"Apr 25, 2023","6.887","6.887","6.912","6.881","0.29%"
"Apr 24, 2023","6.867","6.912","6.912","6.865","-0.16%"
"Apr 21, 2023","6.878","6.912","6.912","6.865","0.00%"
"Apr 20, 2023","6.878","6.912","6.912","6.865","-0.15%"
"Apr 19, 2023","6.888","6.906","6.912","6.887","-0.32%"
"Apr 18, 2023","6.910","6.943","6.943","6.906","-0.03%"
"Apr 17, 2023","6.912","6.943","6.943","6.912","0.33%"
"Apr 13, 2023","6.889","6.937","6.937","6.889","-0.17%"
"Apr 12, 2023","6.901","6.955","6.955","6.899","-0.50%"
"Apr 11, 2023","6.936","6.961","6.997","6.930","0.81%"
"Apr 10, 2023","6.880","6.973","6.973","6.880","-0.56%"
"Apr 06, 2023","6.919","6.942","6.985","6.912","-1.70%"
"Apr 05, 2023","7.039","7.039","7.064","7.037","-0.42%"
"Apr 03, 2023","7.069","7.124","7.124","7.063","0.30%"
"Mar 31, 2023","7.048","7.105","7.105","7.039","-0.21%"
"Mar 29, 2023","7.063","7.092","7.123","7.063","0.01%"
"Mar 28, 2023","7.062","7.050","7.092","7.050","0.33%"
"Mar 27, 2023","7.039","7.032","7.056","7.032","0.07%"
"Mar 24, 2023","7.034","7.062","7.074","7.031","-0.50%"
"Mar 23, 2023","7.069","7.097","7.097","7.059","-0.25%"
"Mar 21, 2023","7.087","7.133","7.133","7.087","0.60%"
"Mar 20, 2023","7.045","7.090","7.090","7.045","-0.86%"
"Mar 17, 2023","7.106","7.209","7.209","7.106","0.23%"
"Mar 16, 2023","7.090","7.166","7.166","7.090","-0.74%"
"Mar 15, 2023","7.143","7.356","7.356","7.143","0.24%"
"Mar 14, 2023","7.126","7.207","7.207","7.118","-0.67%"
"Mar 13, 2023","7.174","7.266","7.266","7.165","-2.22%"
"Mar 10, 2023","7.337","7.307","7.432","7.307","-0.66%"
"Mar 09, 2023","7.386","7.471","7.471","7.386","-0.07%"
"Mar 08, 2023","7.391","7.411","7.529","7.391","1.11%"
"Mar 06, 2023","7.310","7.352","7.352","7.310","-0.23%"
"Mar 03, 2023","7.327","7.398","7.398","7.327","0.18%"
"Mar 02, 2023","7.314","7.437","7.437","7.314","0.05%"
"Mar 01, 2023","7.310","7.348","7.407","7.307","-0.07%"
"Feb 28, 2023","7.315","7.363","7.363","7.315","0.04%"
"Feb 27, 2023","7.312","7.380","7.380","7.312","0.58%"
"Feb 24, 2023","7.270","7.254","7.387","7.244","0.32%"
"Feb 23, 2023","7.247","7.420","7.420","7.238","0.12%"
"Feb 22, 2023","7.238","7.304","7.314","7.238","0.22%"
"Feb 21, 2023","7.222","7.199","7.292","7.199","0.49%"
"Feb 20, 2023","7.187","7.196","7.363","7.187","-0.31%"
"Feb 17, 2023","7.209","7.165","7.263","7.165","1.01%"
"Feb 16, 2023","7.137","7.159","7.207","7.137","-0.68%"
"Feb 15, 2023","7.186","7.229","7.254","7.171","-0.28%"
"Feb 14, 2023","7.206","7.251","7.251","7.203","0.28%"
"Feb 13, 2023","7.186","7.273","7.273","7.172","0.36%"
"Feb 10, 2023","7.160","7.198","7.198","7.145","0.56%"
"Feb 09, 2023","7.120","7.120","7.357","7.120","0.04%"
"Feb 08, 2023","7.117","7.060","7.180","7.060","1.05%"
"Feb 07, 2023","7.043","7.058","7.058","7.043","0.16%"
"Feb 06, 2023","7.032","7.089","7.089","7.032","0.59%"
"Feb 04, 2023","6.991","7.001","7.001","6.991","0.00%"
"Feb 03, 2023","6.991","7.015","7.020","6.991","-0.06%"
"Feb 02, 2023","6.995","6.986","7.034","6.962","-0.24%"
"Feb 01, 2023","7.012","7.199","7.199","7.008","-0.72%"
"Jan 31, 2023","7.063","7.149","7.149","7.063","-0.51%"
"Jan 30, 2023","7.099","7.051","7.117","7.051","1.36%"
"Jan 27, 2023","7.004","7.075","7.075","6.999","0.16%"
"Jan 25, 2023","6.993","7.012","7.022","6.993","-0.09%"
"Jan 24, 2023","6.999","6.994","7.018","6.971","0.91%"
"Jan 23, 2023","6.936","7.016","7.016","6.936","0.51%"
"Jan 20, 2023","6.901","6.967","6.977","6.901","-0.06%"
"Jan 19, 2023","6.905","6.915","6.915","6.891","-0.52%"
"Jan 18, 2023","6.941","7.001","7.001","6.941","0.43%"
"Jan 17, 2023","6.911","7.010","7.010","6.911","-0.12%"
"Jan 16, 2023","6.919","7.003","7.003","6.919","0.64%"
"Jan 13, 2023","6.875","7.025","7.025","6.875","-0.26%"
"Jan 12, 2023","6.893","7.019","7.019","6.893","-0.72%"
"Jan 11, 2023","6.943","7.008","7.027","6.943","-0.63%"
"Jan 10, 2023","6.987","7.029","7.029","6.987","-0.24%"
"Jan 09, 2023","7.004","7.037","7.037","6.995","-0.71%"
"Jan 06, 2023","7.054","7.035","7.058","7.034","0.89%"
"Jan 05, 2023","6.992","7.079","7.079","6.992","0.29%"
"Jan 04, 2023","6.972","7.027","7.027","6.972","-0.77%"
"Jan 03, 2023","7.026","7.028","7.063","7.026","-0.17%"
"Jan 02, 2023","7.038","7.079","7.079","7.038","1.19%"
"Dec 30, 2022","6.955","7.013","7.035","6.955","0.00%"
"Dec 29, 2022","6.955","6.991","6.991","6.955","0.12%"
"Dec 28, 2022","6.947","7.026","7.026","6.947","-0.42%"
"Dec 27, 2022","6.976","7.004","7.004","6.969","-0.10%"
"Dec 26, 2022","6.983","6.954","6.997","6.954","0.63%"
"Dec 23, 2022","6.939","6.939","7.189","6.925","0.03%"
"Dec 22, 2022","6.937","6.951","6.951","6.930","0.22%"
"Dec 21, 2022","6.922","6.958","6.958","6.922","-0.30%"
"Dec 20, 2022","6.943","7.042","7.042","6.943","0.01%"
"Dec 19, 2022","6.942","6.942","7.006","6.942","0.00%"
"Dec 16, 2022","6.942","6.892","7.134","6.892","1.15%"
"Dec 15, 2022","6.863","6.912","6.912","6.863","0.22%"
"Dec 14, 2022","6.848","6.869","6.918","6.848","-0.41%"
"Dec 13, 2022","6.876","6.931","6.931","6.862","-0.19%"
"Dec 12, 2022","6.889","6.910","6.966","6.889","-0.09%"
"Dec 09, 2022","6.895","7.035","7.043","6.895","0.52%"
"Dec 08, 2022","6.859","7.032","7.032","6.859","0.00%"
"Dec 07, 2022","6.859","6.866","7.205","6.831","0.12%"
"Dec 06, 2022","6.851","6.927","6.927","6.851","0.60%"
"Dec 05, 2022","6.810","6.906","6.906","6.810","0.12%"
"Dec 02, 2022","6.802","6.878","7.375","6.802","-0.50%"
"Dec 01, 2022","6.836","6.822","6.890","6.822","-0.39%"
"Nov 30, 2022","6.863","6.910","6.910","6.863","-0.09%"
"Nov 29, 2022","6.869","6.869","7.369","6.869","0.10%"
"Nov 28, 2022","6.862","7.367","7.367","6.862","0.01%"
"Nov 25, 2022","6.861","6.956","6.956","6.861","0.01%"
"Nov 24, 2022","6.860","6.955","6.955","6.860","-0.58%"
"Nov 23, 2022","6.900","6.920","6.920","6.886","0.20%"
"Nov 22, 2022","6.886","6.953","6.953","6.879","-0.19%"
"Nov 21, 2022","6.899","6.906","6.912","6.872","0.10%"
"Nov 18, 2022","6.892","6.952","6.952","6.872","0.12%"
"Nov 17, 2022","6.884","6.951","6.984","6.864","-0.19%"
"Nov 16, 2022","6.897","6.984","6.984","6.897","0.01%"
"Nov 15, 2022","6.896","6.950","6.950","6.896","-0.76%"
"Nov 14, 2022","6.949","6.949","6.949","6.929","0.00%"
"Nov 11, 2022","6.949","6.949","7.115","6.849","-1.29%"
"Nov 10, 2022","7.040","7.146","7.146","7.040","-0.64%"
"Nov 09, 2022","7.085","7.165","7.165","7.085","-0.83%"
"Nov 07, 2022","7.144","7.177","7.244","7.144","-0.43%"
"Nov 04, 2022","7.175","7.175","7.208","7.175","0.49%"
"Nov 03, 2022","7.140","7.337","7.337","7.074","0.93%"
"Nov 02, 2022","7.074","7.336","7.336","7.074","0.86%"
"Nov 01, 2022","7.014","7.138","7.204","7.014","0.10%"
"Oct 31, 2022","7.007","7.105","7.124","7.007","0.47%"
"Oct 28, 2022","6.974","6.974","7.169","6.974","0.01%"
"Oct 27, 2022","6.973","7.331","7.331","6.973","-0.46%"
"Oct 25, 2022","7.005","7.102","7.330","7.005","-1.79%"
"Oct 21, 2022","7.133","7.217","7.217","7.133","0.31%"
"Oct 20, 2022","7.111","7.233","7.233","7.111","0.01%"
"Oct 19, 2022","7.110","7.091","7.258","7.046","0.37%"
"Oct 18, 2022","7.084","7.032","7.109","7.032","0.74%"
"Oct 17, 2022","7.032","7.190","7.190","7.032","-2.64%"
"Oct 14, 2022","7.223","7.191","7.448","7.191","0.65%"
"Oct 13, 2022","7.176","7.380","7.380","7.176","0.01%"
"Oct 12, 2022","7.175","7.156","7.251","7.118","0.01%"
"Oct 11, 2022","7.174","7.282","7.282","7.174","-0.53%"
"Oct 10, 2022","7.212","7.313","7.313","7.212","0.81%"
"Oct 07, 2022","7.154","7.198","7.310","7.154","0.56%"
"Oct 06, 2022","7.114","7.183","7.183","7.099","1.18%"
"Oct 04, 2022","7.031","7.082","7.308","7.031","-0.69%"
"Oct 03, 2022","7.080","7.118","7.212","7.080","-0.08%"
"Sep 30, 2022","7.086","7.305","7.305","6.992","1.53%"
"Sep 29, 2022","6.979","7.302","7.302","6.979","0.19%"
"Sep 28, 2022","6.966","6.960","7.053","6.960","0.10%"
"Sep 27, 2022","6.959","7.083","7.083","6.959","-1.30%"
"Sep 26, 2022","7.051","7.113","7.113","7.021","0.17%"
"Sep 23, 2022","7.039","7.113","7.113","7.002","0.56%"
"Sep 22, 2022","7.000","7.000","7.000","7.000","1.61%"
"Sep 21, 2022","6.889","6.987","6.987","6.889","0.00%"
"Sep 20, 2022","6.889","6.895","6.926","6.852","0.72%"
"Sep 19, 2022","6.840","6.895","6.895","6.840","0.18%"
"Sep 16, 2022","6.828","6.834","6.864","6.755","2.65%"
"Sep 15, 2022","6.652","6.803","6.803","6.652","-0.18%"
"Sep 14, 2022","6.664","6.742","6.742","6.664","0.73%"
"Sep 13, 2022","6.616","6.670","6.670","6.616","0.09%"
"Sep 12, 2022","6.610","6.673","6.677","6.610","0.09%"
"Sep 09, 2022","6.604","6.610","6.652","6.604","-0.09%"
"Sep 08, 2022","6.610","6.671","6.671","6.609","-0.72%"
"Sep 07, 2022","6.658","6.742","6.742","6.658","0.09%"
"Sep 06, 2022","6.652","6.676","6.682","6.652","-0.18%"
"Sep 05, 2022","6.664","6.682","6.712","6.664","-0.36%"
"Sep 02, 2022","6.688","6.653","6.694","6.623","1.24%"
"Sep 01, 2022","6.606","6.682","6.682","6.603","0.18%"
"Aug 30, 2022","6.594","6.683","6.683","6.594","0.00%"
"Aug 29, 2022","6.594","6.594","6.742","6.594","0.63%"
"Aug 26, 2022","6.553","6.624","6.624","6.541","-0.64%"
"Aug 25, 2022","6.595","6.589","6.680","6.587","0.26%"
"Aug 24, 2022","6.578","6.578","6.683","6.572","0.18%"
"Aug 23, 2022","6.566","6.619","6.619","6.566","0.08%"
"Aug 22, 2022","6.561","6.636","6.636","6.561","-0.09%"
"Aug 19, 2022","6.567","6.567","6.712","6.543","1.16%"
"Aug 18, 2022","6.492","6.596","6.596","6.492","0.62%"
"Aug 17, 2022","6.452","6.510","6.510","6.446","-0.98%"
"Aug 12, 2022","6.516","6.695","6.695","6.516","0.06%"
"Aug 11, 2022","6.512","6.569","6.569","6.512","-0.87%"
"Aug 10, 2022","6.569","6.684","6.684","6.569","-0.79%"
"Aug 08, 2022","6.621","6.828","6.828","6.621","-0.02%"
"Aug 05, 2022","6.622","6.542","6.770","6.542","3.00%"
"Aug 04, 2022","6.429","6.571","6.571","6.429","-1.56%"
"Aug 03, 2022","6.531","6.685","6.685","6.531","-0.02%"
"Aug 02, 2022","6.532","6.571","6.685","6.526","-0.52%"
"Aug 01, 2022","6.566","6.742","6.742","6.566","2.50%"
"Jul 29, 2022","6.406","6.604","6.604","6.406","-1.04%"
"Jul 28, 2022","6.473","6.565","6.565","6.473","-0.99%"
"Jul 27, 2022","6.538","6.552","6.609","6.538","0.41%"
"Jul 26, 2022","6.511","6.575","6.610","6.511","1.07%"
"Jul 25, 2022","6.442","6.541","6.541","6.442","0.62%"
"Jul 22, 2022","6.402","6.437","6.612","6.402","-0.81%"
"Jul 21, 2022","6.454","6.615","6.615","6.447","0.62%"
"Jul 20, 2022","6.414","6.616","6.791","6.414","-0.12%"
"Jul 19, 2022","6.422","6.464","6.547","6.422","0.19%"
"Jul 18, 2022","6.410","6.618","6.618","6.410","-0.02%"
"Jul 15, 2022","6.411","6.515","6.619","6.411","-0.80%"
"Jul 14, 2022","6.463","6.622","6.622","6.463","0.72%"
"Jul 13, 2022","6.417","6.417","6.417","6.417","-0.22%"
"Jul 12, 2022","6.431","6.431","6.431","6.431","0.61%"
"Jul 11, 2022","6.392","6.392","6.392","6.392","-0.44%"
"Jul 08, 2022","6.420","6.626","6.626","6.407","0.25%"
"Jul 07, 2022","6.404","6.425","6.492","6.391","0.72%"
"Jul 06, 2022","6.358","6.528","6.528","6.358","-1.59%"
"Jul 05, 2022","6.461","6.631","6.631","6.461","-0.02%"
"Jul 04, 2022","6.462","6.462","6.530","6.462","-0.03%"
"Jul 01, 2022","6.464","6.599","6.633","6.464","-0.98%"
"Jun 30, 2022","6.528","6.636","6.636","6.528","2.40%"
"Jun 29, 2022","6.375","6.637","6.637","6.375","-2.58%"
"Jun 28, 2022","6.544","6.570","6.638","6.544","-0.21%"
"Jun 27, 2022","6.558","6.639","6.639","6.558","0.08%"
"Jun 24, 2022","6.553","6.573","6.640","6.553","-0.35%"
"Jun 23, 2022","6.576","6.576","6.576","6.549","0.49%"
"Jun 22, 2022","6.544","6.610","6.610","6.524","-0.12%"
"Jun 21, 2022","6.552","6.545","6.844","6.545","0.09%"
"Jun 20, 2022","6.546","6.645","6.645","6.546","-0.92%"
"Jun 17, 2022","6.607","6.646","6.646","6.580","-1.03%"
"Jun 16, 2022","6.676","6.610","6.715","6.597","1.69%"
"Jun 15, 2022","6.565","6.617","6.650","6.565","0.18%"
"Jun 14, 2022","6.553","6.625","6.630","6.553","-0.02%"
"Jun 13, 2022","6.554","6.652","6.652","6.554","3.05%"
"Jun 10, 2022","6.360","6.634","6.640","6.360","-2.06%"
"Jun 09, 2022","6.494","6.656","6.656","6.494","-0.02%"
"Jun 08, 2022","6.495","6.722","6.722","6.462","-1.01%"
"Jun 07, 2022","6.561","6.690","6.723","6.561","-0.02%"
"Jun 06, 2022","6.562","6.530","6.652","6.530","1.28%"
"Jun 03, 2022","6.479","6.482","6.595","6.453","-1.33%"
"Jun 02, 2022","6.566","6.566","6.566","6.566","2.48%"
"Jun 01, 2022","6.407","6.407","6.407","6.407","0.47%"
"May 31, 2022","6.377","6.472","6.472","6.377","0.28%"
"May 30, 2022","6.359","6.378","6.410","6.359","0.60%"
"May 27, 2022","6.321","6.474","6.506","6.321","0.54%"
"May 26, 2022","6.287","6.319","6.414","6.285","-0.52%"
"May 25, 2022","6.320","6.320","6.320","6.289","0.48%"
"May 24, 2022","6.290","6.385","6.385","6.290","-0.52%"
"May 23, 2022","6.323","6.368","6.368","6.292","-0.52%"
"May 20, 2022","6.356","6.356","6.356","6.344","0.52%"
"May 19, 2022","6.323","6.361","6.392","6.323","-0.52%"
"May 18, 2022","6.356","6.425","6.425","6.343","0.17%"
"May 17, 2022","6.345","6.457","6.457","6.345","4.07%"
"May 13, 2022","6.097","6.409","6.471","6.097","4.06%"
"May 12, 2022","5.859","6.340","6.340","5.859","-5.77%"
"May 11, 2022","6.218","6.403","6.403","6.218","-1.00%"
"May 10, 2022","6.281","6.299","6.435","6.281","-0.51%"
"May 09, 2022","6.313","6.313","6.313","6.282","7.82%"
"May 06, 2022","5.855","5.855","5.855","5.855","3.52%"
"May 05, 2022","5.656","6.380","6.380","5.656","2.46%"
"May 04, 2022","5.520","5.586","5.834","5.520","0.16%"
"May 02, 2022","5.511","5.505","5.565","5.505","0.35%"
"Apr 29, 2022","5.492","5.720","5.720","5.492","-0.04%"
"Apr 28, 2022","5.494","5.787","5.787","5.494","0.38%"
"Apr 27, 2022","5.473","5.473","5.473","5.473","0.61%"
"Apr 26, 2022","5.440","5.553","5.553","5.440","-0.17%"
"Apr 25, 2022","5.449","5.467","5.544","5.449","0.17%"
"Apr 22, 2022","5.440","5.588","5.588","5.440","-0.15%"
"Apr 21, 2022","5.448","5.625","5.625","5.448","0.48%"
"Apr 20, 2022","5.422","5.569","5.569","5.422","-0.04%"
"Apr 19, 2022","5.424","5.513","5.513","5.424","0.37%"
"Apr 18, 2022","5.404","5.515","5.515","5.404","3.41%"
"Apr 13, 2022","5.226","5.518","5.576","5.226","-0.29%"
"Apr 12, 2022","5.241","5.241","5.241","5.241","1.06%"
"Apr 11, 2022","5.186","5.505","5.505","5.186","0.48%"
"Apr 08, 2022","5.161","5.201","5.507","5.161","3.01%"
"Apr 07, 2022","5.010","5.050","5.050","5.010","-0.85%"
"Apr 06, 2022","5.053","5.013","5.065","5.013","0.96%"
"Apr 05, 2022","5.005","5.062","5.062","5.005","-0.08%"
"Apr 04, 2022","5.009","5.065","5.065","5.009","0.74%"
"Mar 31, 2022","4.972","4.984","5.069","4.967","0.06%"
"Mar 30, 2022","4.969","4.997","5.053","4.969","-0.78%"
"Mar 29, 2022","5.008","5.003","5.036","5.003","0.04%"
"Mar 28, 2022","5.006","5.000","5.085","5.000","0.04%"
"Mar 25, 2022","5.004","5.004","5.032","5.004","-0.20%"
"Mar 24, 2022","5.014","5.042","5.070","5.014","0.28%"
"Mar 23, 2022","5.000","5.073","5.073","5.000","0.16%"
"Mar 22, 2022","4.992","5.300","5.300","4.992","0.48%"
"Mar 21, 2022","4.968","5.023","5.023","4.968","-0.28%"
"Mar 17, 2022","4.982","5.027","5.027","4.977","-0.04%"
"Mar 16, 2022","4.984","5.040","5.040","4.984","0.48%"
"Mar 15, 2022","4.960","4.988","4.988","4.960","-0.06%"
"Mar 14, 2022","4.963","5.046","5.046","4.963","-0.62%"
"Mar 11, 2022","4.994","5.022","5.049","4.994","0.36%"
"Mar 10, 2022","4.976","5.059","5.059","4.976","-0.94%"
"Mar 09, 2022","5.023","5.013","5.117","5.013","0.14%"
"Mar 08, 2022","5.016","5.367","5.367","5.016","-0.06%"
"Mar 07, 2022","5.019","5.014","5.057","5.014","1.03%"
"Mar 04, 2022","4.968","5.071","5.071","4.968","0.14%"
"Mar 03, 2022","4.961","4.999","5.021","4.961","0.14%"
"Mar 02, 2022","4.954","4.948","5.030","4.894","2.29%"
"Feb 28, 2022","4.843","4.817","4.870","4.817","0.83%"
"Feb 25, 2022","4.803","4.857","4.857","4.803","-0.99%"
"Feb 24, 2022","4.851","4.840","4.889","4.840","0.48%"
"Feb 23, 2022","4.828","4.828","4.871","4.828","0.15%"
"Feb 22, 2022","4.821","4.821","4.927","4.821","0.48%"
"Feb 21, 2022","4.798","4.798","4.840","4.798","0.50%"
"Feb 18, 2022","4.774","4.854","4.854","4.774","-1.20%"
"Feb 17, 2022","4.832","4.891","4.891","4.832","-0.41%"
"Feb 16, 2022","4.852","4.867","4.889","4.831","0.04%"
"Feb 15, 2022","4.850","4.818","4.897","4.818","0.27%"
"Feb 14, 2022","4.837","4.927","4.927","4.837","0.69%"
"Feb 11, 2022","4.804","4.925","4.930","4.804","-1.92%"
"Feb 10, 2022","4.898","5.045","5.045","4.898","-3.68%"
"Feb 09, 2022","5.085","5.111","5.111","5.075","-0.59%"
"Feb 08, 2022","5.115","5.078","5.135","5.078","0.29%"
"Feb 04, 2022","5.100","5.089","5.194","5.089","0.04%"
"Feb 03, 2022","5.098","5.082","5.150","5.082","0.26%"
"Feb 02, 2022","5.085","5.436","5.436","5.085","0.55%"
"Feb 01, 2022","5.057","5.021","5.439","5.021","0.98%"
"Jan 31, 2022","5.008","5.097","5.235","5.008","-0.38%"
"Jan 28, 2022","5.027","5.079","5.079","5.027","-0.63%"
"Jan 27, 2022","5.059","5.007","5.085","5.002","2.14%"
"Jan 25, 2022","4.953","5.010","5.010","4.953","-0.74%"
"Jan 24, 2022","4.990","5.000","5.005","4.990","0.36%"
"Jan 21, 2022","4.972","5.018","5.018","4.972","0.24%"
"Jan 20, 2022","4.960","5.001","5.001","4.960","-0.48%"
"Jan 19, 2022","4.984","5.004","5.004","4.984","0.26%"
"Jan 18, 2022","4.971","4.981","5.032","4.971","0.98%"
"Jan 17, 2022","4.923","4.933","4.984","4.923","0.24%"
"Jan 14, 2022","4.911","4.936","4.936","4.911","-0.16%"
"Jan 13, 2022","4.919","4.996","4.996","4.919","-1.09%"
"Jan 12, 2022","4.973","4.948","4.998","4.938","0.67%"
"Jan 11, 2022","4.940","4.976","4.976","4.940","-1.08%"
"Jan 10, 2022","4.994","5.004","5.004","4.958","0.34%"
"Jan 07, 2022","4.977","5.022","5.022","4.969","-0.56%"
"Jan 06, 2022","5.005","4.990","5.040","4.990","0.54%"
"Jan 05, 2022","4.978","4.993","4.993","4.978","0.14%"
"Jan 04, 2022","4.971","4.996","5.003","4.971","0.06%"
"Jan 03, 2022","4.968","4.998","4.998","4.968","-0.56%"
"Dec 31, 2021","4.996","4.991","5.011","4.989","-4.55%"
"Dec 30, 2021","5.234","5.010","5.234","4.995","5.31%"
"Dec 29, 2021","4.970","5.034","5.034","4.970","-1.04%"
"Dec 28, 2021","5.022","5.087","5.087","5.005","-4.87%"
"Dec 27, 2021","5.279","5.015","5.279","5.015","-0.43%"
"Dec 24, 2021","5.302","5.018","5.302","4.983","6.64%"
"Dec 23, 2021","4.972","4.977","5.001","4.972","0.14%"
"Dec 22, 2021","4.965","5.029","5.029","4.955","0.45%"
"Dec 21, 2021","4.943","4.933","4.957","4.918","-4.89%"
"Dec 20, 2021","5.197","5.010","5.197","4.887","7.91%"
"Dec 17, 2021","4.816","4.865","4.865","4.801","-6.27%"
"Dec 16, 2021","5.138","4.849","5.138","4.849","7.06%"
"Dec 15, 2021","4.799","4.816","4.818","4.799","-0.25%"
"Dec 14, 2021","4.811","4.806","4.831","4.782","0.65%"
"Dec 13, 2021","4.780","4.810","4.810","4.780","-0.06%"
"Dec 10, 2021","4.783","4.764","4.812","4.764","-4.34%"
"Dec 09, 2021","5.000","4.773","5.000","4.773","5.22%"
"Dec 08, 2021","4.752","4.815","4.815","4.742","-1.37%"
"Dec 07, 2021","4.818","4.818","4.818","4.818","0.54%"
"Dec 06, 2021","4.792","4.782","4.792","4.782","-5.93%"
"Dec 03, 2021","5.094","5.094","5.094","5.094","1.39%"
"Dec 02, 2021","5.024","4.794","5.024","4.794","0.24%"
"Dec 01, 2021","5.012","4.797","5.012","4.797","6.01%"
"Nov 30, 2021","4.728","4.776","4.776","4.728","-5.33%"
"Nov 29, 2021","4.994","4.826","4.994","4.826","-2.21%"
"Nov 26, 2021","5.107","4.815","5.107","4.782","-0.70%"
"Nov 25, 2021","5.143","4.814","5.143","4.814","7.50%"
"Nov 24, 2021","4.784","4.775","4.817","4.770","0.13%"
"Nov 23, 2021","4.778","4.773","4.792","4.763","0.44%"
"Nov 22, 2021","4.757","4.766","4.766","4.755","-0.46%"
"Nov 18, 2021","4.779","4.760","4.779","4.760","0.25%"
"Nov 17, 2021","4.767","4.790","4.790","4.763","-0.06%"
"Nov 16, 2021","4.770","4.770","4.793","4.765","0.23%"
"Nov 15, 2021","4.759","4.749","4.796","4.749","-7.03%"
"Nov 12, 2021","5.119","5.119","5.119","5.119","0.41%"
"Nov 11, 2021","5.098","5.098","5.098","5.098","7.42%"
"Nov 10, 2021","4.746","4.787","4.787","4.746","-0.25%"
"Nov 09, 2021","4.758","4.789","4.789","4.758","-3.90%"
"Nov 08, 2021","4.951","4.816","4.951","4.793","2.74%"
"Nov 03, 2021","4.819","4.819","4.819","4.809","0.19%"
"Nov 02, 2021","4.810","4.810","4.833","4.810","-6.53%"
"Nov 01, 2021","5.146","5.146","5.146","5.146","6.54%"
"Oct 29, 2021","4.830","4.862","4.900","4.830","0.08%"
"Oct 28, 2021","4.826","4.831","4.868","4.826","0.12%"
"Oct 27, 2021","4.820","4.847","4.847","4.802","-0.06%"
"Oct 26, 2021","4.823","4.827","4.850","4.823","0.52%"
"Oct 25, 2021","4.798","4.807","4.853","4.798","-5.31%"
"Oct 22, 2021","5.067","5.067","5.067","5.067","6.56%"
"Oct 21, 2021","4.755","4.773","4.773","4.719","0.51%"
"Oct 20, 2021","4.731","4.776","4.821","4.731","0.42%"
"Oct 18, 2021","4.711","4.711","4.756","4.666","-4.96%"
"Oct 14, 2021","4.957","4.658","4.957","4.649","6.88%"
"Oct 13, 2021","4.638","4.697","4.697","4.638","-5.31%"
"Oct 12, 2021","4.898","4.695","4.898","4.695","4.15%"
"Oct 11, 2021","4.703","4.756","4.756","4.698","-0.15%"
"Oct 08, 2021","4.710","4.714","4.714","4.710","-2.95%"
"Oct 07, 2021","4.853","4.739","4.853","4.705","-2.57%"
"Oct 06, 2021","4.981","4.748","4.981","4.717","0.30%"
"Oct 05, 2021","4.966","4.751","4.966","4.698","5.64%"
"Oct 04, 2021","4.701","4.732","4.732","4.696","0.23%"
"Oct 01, 2021","4.690","4.713","4.713","4.664","-0.19%"
"Sep 30, 2021","4.699","4.655","4.712","4.655","1.38%"
"Sep 29, 2021","4.635","4.658","4.658","4.622","-6.59%"
"Sep 28, 2021","4.962","4.616","4.962","4.616","0.30%"
"Sep 27, 2021","4.947","4.686","4.947","4.597","8.58%"
"Sep 24, 2021","4.556","4.600","4.600","4.556","0.75%"
"Sep 23, 2021","4.522","4.522","4.544","4.500","-4.42%"
"Sep 22, 2021","4.731","4.525","4.731","4.503","0.13%"
"Sep 21, 2021","4.725","4.528","4.725","4.528","0.32%"
"Sep 20, 2021","4.710","4.509","4.710","4.487","5.39%"
"Sep 17, 2021","4.469","4.599","4.599","4.469","-4.91%"
"Sep 16, 2021","4.700","4.534","4.700","4.521","-2.75%"
"Sep 15, 2021","4.833","4.611","4.833","4.524","-0.86%"
"Sep 14, 2021","4.875","4.506","4.875","4.506","0.39%"
"Sep 13, 2021","4.856","4.509","4.856","4.505","0.21%"
"Sep 09, 2021","4.846","4.512","4.846","4.447","8.15%"
"Sep 08, 2021","4.481","4.524","4.524","4.477","-0.44%"
"Sep 07, 2021","4.501","4.506","4.506","4.501","1.08%"
"Sep 06, 2021","4.453","4.444","4.509","4.432","0.61%"
"Sep 03, 2021","4.426","4.456","4.456","4.426","-0.49%"
"Sep 02, 2021","4.448","4.542","4.542","4.442","-0.07%"
"Sep 01, 2021","4.451","4.443","4.460","4.432","0.20%"
"Aug 31, 2021","4.442","4.450","4.450","4.442","-0.07%"
"Aug 30, 2021","4.445","4.478","4.478","4.445","-0.56%"
"Aug 27, 2021","4.470","4.483","4.500","4.470","-0.20%"
"Aug 26, 2021","4.479","4.484","4.496","4.479","-0.18%"
"Aug 25, 2021","4.487","4.542","4.542","4.482","0.22%"
"Aug 24, 2021","4.477","4.502","4.502","4.473","0.02%"
"Aug 23, 2021","4.476","4.463","4.526","4.450","0.40%"
"Aug 20, 2021","4.458","4.445","4.487","4.445","-0.11%"
"Aug 18, 2021","4.463","4.500","4.500","4.463","-0.87%"
"Aug 17, 2021","4.502","4.536","4.536","4.494","-0.82%"
"Aug 13, 2021","4.539","4.568","4.568","4.522","-0.24%"
"Aug 12, 2021","4.550","4.559","4.580","4.538","0.20%"
"Aug 11, 2021","4.541","4.562","4.708","4.541","-0.07%"
"Aug 10, 2021","4.544","4.565","4.585","4.544","-0.53%"
"Aug 09, 2021","4.568","4.588","4.588","4.547","-0.04%"
"Aug 06, 2021","4.570","4.675","4.675","4.570","0.26%"
"Aug 05, 2021","4.558","4.587","4.587","4.517","-0.26%"
"Aug 04, 2021","4.570","4.590","4.599","4.561","-0.15%"
"Aug 03, 2021","4.577","4.647","4.647","4.577","-0.67%"
"Aug 02, 2021","4.608","4.650","4.671","4.608","8.99%"
"Jul 30, 2021","4.228","4.245","4.245","4.228","-0.40%"
"Jul 29, 2021","4.245","4.257","4.257","4.240","0.14%"
"Jul 28, 2021","4.239","4.280","4.280","4.239","0.12%"
"Jul 27, 2021","4.234","4.373","4.373","4.234","0.14%"
"Jul 26, 2021","4.228","4.257","4.257","4.228","-0.40%"
"Jul 23, 2021","4.245","4.315","4.315","4.240","3.06%"
"Jul 22, 2021","4.119","4.315","4.315","4.119","-3.24%"
"Jul 20, 2021","4.257","4.286","4.286","4.257","-3.14%"
"Jul 19, 2021","4.395","4.315","4.395","4.286","2.54%"
"Jul 16, 2021","4.286","4.372","4.372","4.286","0.00%"
"Jul 15, 2021","4.286","4.314","4.343","4.286","-0.26%"
"Jul 14, 2021","4.297","4.343","4.343","4.297","-0.39%"
"Jul 13, 2021","4.314","4.343","4.343","4.313","-0.53%"
"Jul 12, 2021","4.337","4.400","4.400","4.337","0.53%"
"Jul 09, 2021","4.314","4.400","4.400","4.314","-0.14%"
"Jul 08, 2021","4.320","4.399","4.399","4.320","-1.28%"
"Jul 07, 2021","4.376","4.399","4.399","4.376","-0.39%"
"Jul 06, 2021","4.393","4.399","4.482","4.391","0.64%"
"Jul 05, 2021","4.365","4.399","4.399","4.359","0.39%"
"Jul 02, 2021","4.348","4.369","4.398","4.345","0.14%"
"Jul 01, 2021","4.342","4.539","4.539","4.342","-5.46%"
"Jun 30, 2021","4.593","4.664","4.664","4.593","0.15%"
"Jun 29, 2021","4.586","4.586","4.695","4.586","3.08%"
"Jun 28, 2021","4.449","4.644","4.644","4.449","-2.22%"
"Jun 25, 2021","4.550","4.550","4.647","4.550","0.60%"
"Jun 24, 2021","4.523","4.631","4.631","4.523","0.51%"
"Jun 23, 2021","4.500","4.661","4.661","4.489","0.16%"
"Jun 22, 2021","4.493","4.530","4.557","4.493","1.49%"
"Jun 21, 2021","4.427","4.427","4.507","4.427","1.12%"
"Jun 18, 2021","4.378","4.431","4.431","4.378","-0.86%"
"Jun 17, 2021","4.416","4.416","4.416","4.416","-1.38%"
"Jun 16, 2021","4.478","4.366","4.517","4.366","4.63%"
"Jun 15, 2021","4.280","4.556","4.556","4.280","-3.32%"
"Jun 14, 2021","4.427","4.274","4.427","4.268","4.39%"
"Jun 11, 2021","4.241","4.325","4.325","4.241","-1.85%"
"Jun 10, 2021","4.321","4.284","4.321","4.282","0.89%"
"Jun 09, 2021","4.283","4.445","4.445","4.280","-0.09%"
"Jun 08, 2021","4.287","4.313","4.313","4.287","-0.44%"
"Jun 07, 2021","4.306","4.348","4.358","4.306","-0.69%"
"Jun 04, 2021","4.336","4.404","4.404","4.326","0.21%"
"Jun 03, 2021","4.327","4.415","4.415","4.327","-0.09%"
"Jun 02, 2021","4.331","4.336","4.336","4.331","-3.22%"
"Jun 01, 2021","4.475","4.423","4.475","4.371","2.19%"
"May 31, 2021","4.379","4.379","4.379","4.379","2.82%"
"May 28, 2021","4.259","4.302","4.302","4.259","-0.84%"
"May 27, 2021","4.295","4.311","4.311","4.295","0.02%"
"May 25, 2021","4.294","4.315","4.315","4.294","-0.32%"
"May 24, 2021","4.308","4.361","4.361","4.308","0.28%"
"May 21, 2021","4.296","4.339","4.339","4.296","1.23%"
"May 20, 2021","4.244","4.351","4.351","4.244","-3.26%"
"May 19, 2021","4.387","4.355","4.387","4.342","0.87%"
"May 18, 2021","4.349","4.359","4.386","4.333","0.28%"
"May 17, 2021","4.337","4.497","4.497","4.337","-3.64%"
"May 14, 2021","4.501","4.394","4.501","4.341","4.65%"
"May 12, 2021","4.301","4.353","4.353","4.301","-2.80%"
"May 11, 2021","4.425","4.520","4.520","4.393","-2.43%"
"May 10, 2021","4.535","4.391","4.535","4.391","-0.55%"
"May 07, 2021","4.560","4.401","4.560","4.401","0.11%"
"May 06, 2021","4.555","4.424","4.555","4.400","-0.33%"
"May 05, 2021","4.570","4.404","4.570","4.404","3.84%"
"May 04, 2021","4.401","4.422","4.422","4.401","0.64%"
"May 03, 2021","4.373","4.525","4.525","4.373","-1.99%"
"Apr 30, 2021","4.462","4.723","4.723","4.462","0.11%"
"Apr 29, 2021","4.457","4.581","4.581","4.452","1.30%"
"Apr 28, 2021","4.400","4.535","4.535","4.400","-5.34%"
"Apr 27, 2021","4.648","4.528","4.648","4.439","4.87%"
"Apr 26, 2021","4.432","4.516","4.516","4.432","-0.29%"
"Apr 23, 2021","4.445","4.591","4.591","4.445","-1.85%"
"Apr 22, 2021","4.529","4.598","4.598","4.529","-1.56%"
"Apr 20, 2021","4.601","4.606","4.631","4.587","-0.02%"
"Apr 19, 2021","4.602","4.637","4.637","4.593","-0.60%"
"Apr 16, 2021","4.630","4.739","4.739","4.615","-0.19%"
"Apr 15, 2021","4.639","4.895","4.895","4.639","-0.28%"
"Apr 12, 2021","4.652","4.873","4.873","4.650","0.65%"
"Apr 09, 2021","4.622","4.783","4.832","4.622","-0.19%"
"Apr 08, 2021","4.631","4.743","4.743","4.631","1.74%"
"Apr 07, 2021","4.552","4.624","4.624","4.552","3.10%"
"Apr 06, 2021","4.415","4.652","4.652","4.415","-1.56%"
"Apr 05, 2021","4.485","4.655","4.655","4.485","-1.15%"
"Mar 31, 2021","4.537","4.585","4.585","4.537","-1.88%"
"Mar 30, 2021","4.624","4.624","4.624","4.595","0.94%"
"Mar 26, 2021","4.581","4.595","4.624","4.552","-0.15%"
"Mar 25, 2021","4.588","4.684","4.684","4.581","0.13%"
"Mar 24, 2021","4.582","4.601","4.601","4.572","-0.07%"
"Mar 23, 2021","4.585","4.690","4.690","4.585","-1.08%"
"Mar 22, 2021","4.635","4.740","4.740","4.635","-1.28%"
"Mar 19, 2021","4.695","4.791","4.839","4.695","-1.20%"
"Mar 18, 2021","4.752","4.847","4.847","4.752","-1.04%"
"Mar 17, 2021","4.802","4.826","4.826","4.799","-0.06%"
"Mar 16, 2021","4.805","4.947","4.947","4.800","-0.25%"
"Mar 15, 2021","4.817","4.902","4.902","4.817","0.54%"
"Mar 12, 2021","4.791","4.801","4.991","4.791","-0.08%"
"Mar 10, 2021","4.795","4.489","4.960","4.489","0.19%"
"Mar 09, 2021","4.786","4.824","4.824","4.777","0.93%"
"Mar 08, 2021","4.742","4.779","4.826","4.742","0.15%"
"Mar 05, 2021","4.735","4.806","4.806","4.735","-0.19%"
"Mar 04, 2021","4.744","4.814","4.814","4.744","-0.25%"
"Mar 03, 2021","4.756","4.746","4.770","4.732","0.63%"
"Mar 02, 2021","4.726","4.749","4.749","4.726","-0.25%"
"Mar 01, 2021","4.738","4.798","4.798","4.729","0.49%"
"Feb 26, 2021","4.715","4.740","4.812","4.715","0.68%"
"Feb 25, 2021","4.683","4.731","4.755","4.654","2.88%"
"Feb 24, 2021","4.552","4.734","4.734","4.552","0.02%"
"Feb 23, 2021","4.551","4.737","4.737","4.551","-2.53%"
"Feb 22, 2021","4.669","4.645","4.740","4.645","3.09%"
"Feb 18, 2021","4.529","4.767","4.767","4.529","-0.09%"
"Feb 17, 2021","4.533","4.708","4.756","4.533","0.35%"
"Feb 16, 2021","4.517","4.711","4.711","4.517","-0.07%"
"Feb 15, 2021","4.520","4.643","4.786","4.520","0.02%"
"Feb 12, 2021","4.519","4.670","4.670","4.519","-0.42%"
"Feb 11, 2021","4.538","4.774","4.774","4.538","-2.09%"
"Feb 10, 2021","4.635","4.730","4.730","4.635","-0.09%"
"Feb 09, 2021","4.639","4.780","4.780","4.639","1.89%"
"Feb 08, 2021","4.553","4.830","4.830","4.553","-0.07%"
"Feb 05, 2021","4.556","4.715","4.715","4.556","-0.61%"
"Feb 04, 2021","4.584","4.701","4.701","4.561","-0.09%"
"Feb 03, 2021","4.588","4.704","4.704","4.588","-1.57%"
"Feb 02, 2021","4.661","4.801","4.801","4.661","-0.96%"
"Feb 01, 2021","4.706","4.478","4.757","4.478","12.40%"
"Jan 29, 2021","4.187","4.214","4.214","4.187","-0.19%"
"Jan 28, 2021","4.195","4.206","4.211","4.195","-0.45%"
"Jan 27, 2021","4.214","4.214","4.225","4.209","0.02%"
"Jan 25, 2021","4.213","4.213","4.213","4.213","-0.05%"
"Jan 22, 2021","4.215","4.478","4.478","4.215","-0.12%"
"Jan 21, 2021","4.220","4.220","4.295","4.220","0.29%"
"Jan 20, 2021","4.208","4.224","4.224","4.208","-0.09%"
"Jan 19, 2021","4.212","4.222","4.222","4.206","0.43%"
"Jan 18, 2021","4.194","4.231","4.231","4.194","0.31%"
"Jan 15, 2021","4.181","4.401","4.401","4.181","-0.29%"
"Jan 14, 2021","4.193","4.272","4.272","4.193","-0.07%"
"Jan 13, 2021","4.196","4.196","4.222","4.170","-0.10%"
"Jan 12, 2021","4.200","4.068","4.226","4.068","3.81%"
"Jan 11, 2021","4.046","4.203","4.203","4.046","3.66%"
"Jan 08, 2021","3.903","3.903","3.919","3.892","0.36%"
"Jan 07, 2021","3.889","3.905","3.905","3.889","0.03%"
"Jan 06, 2021","3.888","3.882","3.898","3.877","0.70%"
"Jan 05, 2021","3.861","3.861","3.861","3.858","-0.10%"
"Jan 04, 2021","3.865","3.891","3.891","3.859","-0.10%"
"Jan 01, 2021","3.869","3.894","3.894","3.861","0.10%"
"Dec 31, 2020","3.865","3.906","3.906","3.865","-0.51%"
"Dec 30, 2020","3.885","3.910","3.910","3.869","-0.38%"
"Dec 29, 2020","3.900","4.091","4.091","3.879","0.57%"
"Dec 28, 2020","3.878","3.888","3.888","3.878","-0.23%"
"Dec 24, 2020","3.887","3.872","3.892","3.872","0.39%"
"Dec 23, 2020","3.872","3.908","3.908","3.872","-0.36%"
"Dec 22, 2020","3.886","3.912","3.912","3.886","-1.92%"
"Dec 21, 2020","3.962","3.967","3.967","3.884","2.14%"
"Dec 18, 2020","3.879","3.894","3.894","3.869","-0.05%"
"Dec 17, 2020","3.881","3.881","3.886","3.875","0.18%"
"Dec 16, 2020","3.874","3.884","3.909","3.874","-0.74%"
"Dec 15, 2020","3.903","3.903","3.903","3.888","-0.23%"
"Dec 14, 2020","3.912","3.927","3.927","3.907","-0.23%"
"Dec 11, 2020","3.921","3.956","3.956","3.921","-0.25%"
"Dec 10, 2020","3.931","3.957","3.957","3.921","-0.48%"
"Dec 09, 2020","3.950","3.960","3.960","3.935","0.28%"
"Dec 08, 2020","3.939","3.939","3.964","3.939","0.43%"
"Dec 07, 2020","3.922","3.912","3.927","3.887","1.58%"
"Dec 04, 2020","3.861","3.971","3.971","3.861","-2.30%"
"Dec 03, 2020","3.952","3.932","3.981","3.932","0.69%"
"Dec 02, 2020","3.925","3.930","3.935","3.925","0.03%"
"Dec 01, 2020","3.924","3.919","3.934","3.899","0.15%"
"Nov 27, 2020","3.918","3.918","4.265","3.913","0.41%"
"Nov 26, 2020","3.902","3.907","3.932","3.898","0.28%"
"Nov 25, 2020","3.891","3.911","3.911","3.886","-0.10%"
"Nov 24, 2020","3.895","3.939","3.939","3.890","-1.22%"
"Nov 23, 2020","3.943","3.943","3.948","3.928","-0.71%"
"Nov 20, 2020","3.971","4.020","4.020","3.946","-1.10%"
"Nov 19, 2020","4.015","4.079","4.094","4.015","-1.18%"
"Nov 18, 2020","4.063","4.077","4.077","4.058","-0.20%"
"Nov 17, 2020","4.071","4.134","4.134","4.061","-0.78%"
"Nov 13, 2020","4.103","4.113","4.152","4.099","0.02%"
"Nov 12, 2020","4.102","4.175","4.175","4.102","-1.01%"
"Nov 11, 2020","4.144","4.178","4.178","4.144","-0.07%"
"Nov 10, 2020","4.147","4.157","4.157","4.142","0.85%"
"Nov 09, 2020","4.112","4.136","4.160","4.112","-0.07%"
"Nov 06, 2020","4.115","4.130","4.130","4.110","-0.70%"
"Nov 05, 2020","4.144","4.197","4.197","4.139","-0.65%"
"Nov 04, 2020","4.171","4.186","4.200","4.171","-0.19%"
"Nov 03, 2020","4.179","4.218","4.218","4.179","-0.19%"
"Nov 02, 2020","4.187","4.303","4.303","4.187","-0.07%"
"Oct 29, 2020","4.190","4.234","4.258","4.190","-0.45%"
"Oct 28, 2020","4.209","4.231","4.262","4.200","0.36%"
"Oct 27, 2020","4.194","4.294","4.294","4.184","1.08%"
"Oct 26, 2020","4.149","4.154","4.201","4.140","-0.19%"
"Oct 23, 2020","4.157","4.207","4.207","4.157","-0.79%"
"Oct 22, 2020","4.190","4.214","4.214","4.190","0.05%"
"Oct 21, 2020","4.188","4.250","4.250","4.188","-1.20%"
"Oct 20, 2020","4.239","4.267","4.267","4.239","-0.19%"
"Oct 19, 2020","4.247","4.256","4.294","4.247","-0.07%"
"Oct 16, 2020","4.250","4.366","4.366","4.245","-0.09%"
"Oct 15, 2020","4.254","4.273","4.273","4.240","-0.28%"
"Oct 14, 2020","4.266","4.274","4.285","4.260","0.02%"
"Oct 13, 2020","4.265","4.288","4.288","4.262","0.05%"
"Oct 12, 2020","4.263","4.268","4.268","4.258","-0.19%"
"Oct 09, 2020","4.271","4.388","4.388","4.224","-1.70%"
"Oct 08, 2020","4.345","4.373","4.373","4.345","-0.18%"
"Oct 07, 2020","4.353","4.399","4.399","4.353","-0.80%"
"Oct 06, 2020","4.388","4.379","4.402","4.379","0.69%"
"Oct 05, 2020","4.358","4.372","4.372","4.335","-0.18%"
"Oct 01, 2020","4.366","4.431","4.440","4.361","-1.40%"
"Sep 30, 2020","4.428","4.484","4.484","4.428","-0.07%"
"Sep 29, 2020","4.431","4.528","4.538","4.431","-0.27%"
"Sep 28, 2020","4.443","4.443","4.512","4.429","-0.07%"
"Sep 25, 2020","4.446","4.497","4.497","4.446","0.34%"
"Sep 24, 2020","4.431","4.505","4.505","4.431","-0.07%"
"Sep 23, 2020","4.434","4.507","4.507","4.434","-0.07%"
"Sep 22, 2020","4.437","4.487","4.487","4.437","-0.05%"
"Sep 21, 2020","4.439","4.467","4.536","4.439","0.05%"
"Sep 18, 2020","4.437","4.469","4.469","4.437","0.02%"
"Sep 17, 2020","4.436","4.477","4.477","4.436","-0.27%"
"Sep 16, 2020","4.448","4.494","4.494","4.446","-0.58%"
"Sep 15, 2020","4.474","4.506","4.506","4.474","-0.25%"
"Sep 14, 2020","4.485","4.531","4.531","4.485","0.13%"
"Sep 11, 2020","4.479","4.497","4.538","4.479","-0.18%"
"Sep 10, 2020","4.487","4.492","4.505","4.483","0.04%"
"Sep 09, 2020","4.485","4.589","4.589","4.485","-0.36%"
"Sep 08, 2020","4.501","4.501","4.683","4.479","1.97%"
"Sep 07, 2020","4.414","4.482","4.482","4.382","1.71%"
"Sep 04, 2020","4.340","4.360","4.394","4.340","-0.18%"
"Sep 03, 2020","4.348","4.402","4.402","4.348","-0.48%"
"Sep 02, 2020","4.369","4.405","4.405","4.369","0.14%"
"Sep 01, 2020","4.363","4.385","4.390","4.336","-2.26%"
"Aug 31, 2020","4.464","4.522","4.522","4.464","-0.47%"
"Aug 28, 2020","4.485","4.547","4.547","4.485","0.09%"
"Aug 27, 2020","4.481","4.535","4.535","4.463","-0.07%"
"Aug 26, 2020","4.484","4.412","4.484","4.386","2.37%"
"Aug 25, 2020","4.380","4.380","4.406","4.353","0.25%"
"Aug 24, 2020","4.369","4.378","4.378","4.338","1.68%"
"Aug 21, 2020","4.297","4.319","4.350","4.266","1.46%"
"Aug 20, 2020","4.235","4.279","4.279","4.235","-0.47%"
"Aug 19, 2020","4.255","4.295","4.295","4.255","-0.28%"
"Aug 18, 2020","4.267","4.289","4.302","4.267","-0.16%"
"Aug 17, 2020","4.274","4.291","4.313","4.265","0.54%"
"Aug 14, 2020","4.251","4.294","4.294","4.251","0.33%"
"Aug 13, 2020","4.237","4.281","4.281","4.237","-0.38%"
"Aug 12, 2020","4.253","4.305","4.305","4.253","-0.16%"
"Aug 11, 2020","4.260","4.260","4.269","4.234","0.33%"
"Aug 10, 2020","4.246","4.267","4.289","4.246","0.57%"
"Aug 07, 2020","4.222","4.249","4.270","4.222","0.50%"
"Aug 06, 2020","4.201","4.192","4.279","4.184","0.24%"
"Aug 05, 2020","4.191","4.204","4.204","4.189","-0.07%"
"Aug 04, 2020","4.194","4.220","4.220","4.194","-0.36%"
"Aug 03, 2020","4.209","4.201","4.209","4.179","0.43%"
"Jul 31, 2020","4.191","4.204","4.204","4.181","-0.19%"
"Jul 30, 2020","4.199","4.255","4.255","4.199","-0.52%"
"Jul 29, 2020","4.221","4.298","4.298","4.221","-0.47%"
"Jul 28, 2020","4.241","4.237","4.280","4.237","0.33%"
"Jul 27, 2020","4.227","4.261","4.261","4.227","1.37%"
"Jul 24, 2020","4.170","4.221","4.221","4.170","-0.19%"
"Jul 23, 2020","4.178","4.200","4.200","4.178","-0.17%"
"Jul 22, 2020","4.185","4.211","4.211","4.185","-0.07%"
"Jul 21, 2020","4.188","4.192","4.201","4.187","0.34%"
"Jul 20, 2020","4.174","4.178","4.208","4.174","0.43%"
"Jul 17, 2020","4.156","4.177","4.181","4.156","-0.19%"
"Jul 16, 2020","4.164","4.184","4.198","4.164","0.12%"
"Jul 15, 2020","4.159","4.209","4.209","4.159","-0.36%"
"Jul 14, 2020","4.174","4.191","4.254","4.174","0.53%"
"Jul 13, 2020","4.152","4.089","4.173","4.089","0.95%"
"Jul 10, 2020","4.113","4.117","4.151","4.113","-0.10%"
"Jul 09, 2020","4.117","4.142","4.142","4.117","-0.17%"
"Jul 08, 2020","4.124","4.124","4.145","4.124","0.32%"
"Jul 07, 2020","4.111","4.156","4.156","4.111","-0.96%"
"Jul 06, 2020","4.151","4.193","4.193","4.151","-1.84%"
"Jul 03, 2020","4.229","4.175","4.229","4.166","1.39%"
"Jul 02, 2020","4.171","4.204","4.250","4.171","-0.55%"
"Jul 01, 2020","4.194","4.228","4.228","4.193","0.50%"
"Jun 30, 2020","4.173","4.204","4.251","4.173","0.36%"
"Jun 29, 2020","4.158","4.214","4.214","4.158","-0.98%"
"Jun 26, 2020","4.199","4.243","4.243","4.184","-0.38%"
"Jun 25, 2020","4.215","4.240","4.251","4.215","-0.59%"
"Jun 24, 2020","4.240","4.230","4.246","4.225","0.47%"
"Jun 23, 2020","4.220","4.235","4.235","4.210","-0.24%"
"Jun 22, 2020","4.230","4.266","4.266","4.230","-0.38%"
"Jun 19, 2020","4.246","4.287","4.287","4.244","-0.12%"
"Jun 18, 2020","4.251","4.287","4.287","4.251","-1.30%"
"Jun 17, 2020","4.307","4.317","4.317","4.292","0.61%"
"Jun 16, 2020","4.281","4.322","4.322","4.281","-0.14%"
"Jun 15, 2020","4.287","4.352","4.352","4.287","-0.46%"
"Jun 12, 2020","4.307","4.383","4.383","4.307","-0.12%"
"Jun 11, 2020","4.312","4.347","4.347","4.297","-0.46%"
"Jun 10, 2020","4.332","4.352","4.352","4.324","0.60%"
"Jun 09, 2020","4.306","4.332","4.332","4.306","0.35%"
"Jun 08, 2020","4.291","4.387","4.387","4.291","0.00%"
"Jun 05, 2020","4.291","4.291","4.341","4.291","-0.09%"
"Jun 04, 2020","4.295","4.290","4.295","4.290","-0.69%"
"Jun 03, 2020","4.325","4.320","4.325","4.295","-0.21%"
"Jun 02, 2020","4.334","4.314","4.389","4.295","-0.57%"
"Jun 01, 2020","4.359","4.319","4.359","4.304","1.99%"
"May 29, 2020","4.274","4.374","4.374","4.274","-0.79%"
"May 28, 2020","4.308","4.318","4.358","4.307","-0.12%"
"May 27, 2020","4.313","4.313","4.338","4.311","-0.23%"
"May 26, 2020","4.323","4.347","4.347","4.318","-0.32%"
"May 22, 2020","4.337","4.308","4.372","4.278","-1.21%"
"May 21, 2020","4.390","4.430","4.430","4.390","-0.34%"
"May 20, 2020","4.405","4.419","4.444","4.405","0.14%"
"May 19, 2020","4.399","4.473","4.473","4.399","-0.34%"
"May 18, 2020","4.414","4.614","4.614","4.359","1.26%"
"May 15, 2020","4.359","4.614","4.614","4.359","0.23%"
"May 14, 2020","4.349","4.422","4.422","4.349","-1.09%"
"May 13, 2020","4.397","4.468","4.468","4.353","0.89%"
"May 12, 2020","4.358","4.504","4.504","4.358","-0.09%"
"May 11, 2020","4.362","4.338","4.547","4.338","1.35%"
"May 08, 2020","4.304","4.352","4.357","4.304","-1.31%"
"May 06, 2020","4.361","4.453","4.453","4.361","-2.98%"
"May 05, 2020","4.495","4.510","4.510","4.462","2.74%"
"May 04, 2020","4.375","4.490","4.490","4.375","-2.06%"
"Apr 30, 2020","4.467","4.405","4.467","4.349","-0.22%"
"Apr 29, 2020","4.477","4.438","4.477","4.399","2.57%"
"Apr 28, 2020","4.365","4.669","4.669","4.365","1.18%"
"Apr 27, 2020","4.314","4.314","4.314","4.314","0.37%"
"Apr 24, 2020","4.298","4.298","4.298","4.298","-0.12%"
"Apr 23, 2020","4.303","4.470","4.498","4.303","-1.40%"
"Apr 22, 2020","4.364","4.531","4.531","4.364","-2.61%"
"Apr 21, 2020","4.481","4.704","4.704","4.481","-1.34%"
"Apr 20, 2020","4.542","4.597","4.709","4.542","-1.30%"
"Apr 17, 2020","4.602","4.658","4.742","4.602","-4.14%"
"Apr 16, 2020","4.801","4.868","4.868","4.784","-0.33%"
"Apr 15, 2020","4.817","4.956","4.956","4.817","-1.79%"
"Apr 13, 2020","4.905","4.988","4.988","4.905","-0.18%"
"Apr 09, 2020","4.914","5.081","5.164","4.914","-0.36%"
"Apr 08, 2020","4.932","5.181","5.181","4.932","0.12%"
"Apr 07, 2020","4.926","4.992","4.992","4.926","-0.10%"
"Apr 03, 2020","4.931","5.079","5.079","4.931","-2.20%"
"Mar 31, 2020","5.042","5.096","5.096","4.960","-3.48%"
"Mar 30, 2020","5.224","5.224","5.224","5.224","3.90%"
"Mar 27, 2020","5.028","5.028","5.028","5.028","-5.36%"
"Mar 26, 2020","5.313","5.286","5.442","5.286","-0.58%"
"Mar 24, 2020","5.344","5.399","5.399","5.344","-0.15%"
"Mar 23, 2020","5.352","5.379","5.598","5.352","0.43%"
"Mar 20, 2020","5.329","5.329","5.329","5.329","-0.22%"
"Mar 19, 2020","5.341","5.422","5.422","5.341","0.95%"
"Mar 18, 2020","5.291","5.372","5.399","5.291","-0.58%"
"Mar 17, 2020","5.322","5.349","5.376","5.322","0.95%"
"Mar 16, 2020","5.272","5.353","5.353","5.272","-0.58%"
"Mar 13, 2020","5.303","5.357","5.410","5.303","-0.02%"
"Mar 12, 2020","5.304","5.261","5.304","5.261","1.98%"
"Mar 11, 2020","5.201","5.254","5.319","5.201","0.76%"
"Mar 09, 2020","5.162","5.189","5.189","5.147","-1.68%"
"Mar 06, 2020","5.250","5.250","5.330","5.250","-0.74%"
"Mar 05, 2020","5.289","5.289","5.305","5.273","0.94%"
"Mar 04, 2020","5.240","5.372","5.372","5.240","-3.20%"
"Mar 03, 2020","5.413","5.472","5.472","5.413","-0.28%"
"Mar 02, 2020","5.428","5.502","5.502","5.428","-1.13%"
"Feb 28, 2020","5.490","5.569","5.569","5.490","0.51%"
"Feb 27, 2020","5.462","5.499","5.531","5.457","-0.16%"
"Feb 26, 2020","5.471","5.482","5.503","5.469","-0.45%"
"Feb 25, 2020","5.496","5.506","5.512","5.496","-0.05%"
"Feb 24, 2020","5.499","5.541","5.541","5.499","-0.58%"
"Feb 20, 2020","5.531","5.563","5.563","5.531","-0.36%"
"Feb 18, 2020","5.551","5.603","5.603","5.551","0.14%"
"Feb 17, 2020","5.543","5.559","5.600","5.543","-0.34%"
"Feb 14, 2020","5.562","5.573","5.583","5.560","-0.11%"
"Feb 13, 2020","5.568","5.594","5.594","5.568","-0.23%"
"Feb 12, 2020","5.581","5.695","5.695","5.576","-0.16%"
"Feb 11, 2020","5.590","5.605","5.605","5.580","0.13%"
"Feb 10, 2020","5.583","5.609","5.609","5.583","-0.52%"
"Feb 07, 2020","5.612","5.596","5.637","5.596","-0.99%"
"Feb 06, 2020","5.668","5.801","5.801","5.668","-2.01%"
"Feb 05, 2020","5.784","5.825","5.830","5.784","-0.31%"
"Feb 04, 2020","5.802","5.828","5.828","5.797","-3.15%"
"Feb 03, 2020","5.991","5.852","5.991","5.831","5.64%"
"Jan 31, 2020","5.671","5.780","5.780","5.664","-0.07%"
"Jan 30, 2020","5.675","5.711","5.711","5.675","-0.05%"
"Jan 29, 2020","5.678","5.685","5.685","5.678","-0.02%"
"Jan 28, 2020","5.679","5.701","5.708","5.679","0.11%"
"Jan 27, 2020","5.673","5.732","5.732","5.673","-0.53%"
"Jan 24, 2020","5.703","5.739","5.739","5.703","-0.68%"
"Jan 23, 2020","5.742","5.756","5.778","5.739","-0.14%"
"Jan 22, 2020","5.750","5.779","5.779","5.743","-0.16%"
"Jan 21, 2020","5.759","5.759","5.780","5.751","0.24%"
"Jan 20, 2020","5.745","5.781","5.817","5.745","-0.03%"
"Jan 17, 2020","5.747","5.817","5.817","5.747","0.70%"
"Jan 16, 2020","5.707","5.743","5.743","5.707","-0.02%"
"Jan 15, 2020","5.708","5.730","5.730","5.708","-0.04%"
"Jan 14, 2020","5.710","5.780","5.780","5.710","0.37%"
"Jan 13, 2020","5.689","5.718","5.732","5.689","-0.02%"
"Jan 10, 2020","5.690","5.753","5.753","5.690","-0.05%"
"Jan 09, 2020","5.693","5.755","5.755","5.693","-0.61%"
"Jan 08, 2020","5.728","5.791","5.791","5.728","-0.26%"
"Jan 07, 2020","5.743","5.778","5.778","5.743","-0.61%"
"Jan 06, 2020","5.778","5.785","5.785","5.758","0.35%"
"Jan 03, 2020","5.758","5.779","5.779","5.724","-0.40%"
"Jan 02, 2020","5.781","5.774","5.829","5.774","0.10%"
"Jan 01, 2020","5.775","5.830","5.830","5.775","-0.02%"
"Dec 31, 2019","5.776","5.863","5.863","5.776","-0.94%"
"Dec 30, 2019","5.831","5.845","5.845","5.828","0.19%"
"Dec 27, 2019","5.820","5.820","5.889","5.820","0.55%"
"Dec 26, 2019","5.788","5.958","5.958","5.788","-0.36%"
"Dec 24, 2019","5.809","5.856","5.856","5.809","-0.48%"
"Dec 23, 2019","5.837","5.912","5.912","5.824","-0.70%"
"Dec 20, 2019","5.878","5.960","5.960","5.858","1.01%"
"Dec 19, 2019","5.819","5.826","5.826","5.789","0.57%"
"Dec 18, 2019","5.786","5.860","5.860","5.786","-0.60%"
"Dec 17, 2019","5.821","5.827","5.841","5.807","0.22%"
"Dec 16, 2019","5.808","5.861","5.861","5.788","0.45%"
"Dec 13, 2019","5.782","6.127","6.127","5.782","0.31%"
"Dec 12, 2019","5.764","5.830","5.830","5.764","-0.02%"
"Dec 11, 2019","5.765","5.798","5.798","5.765","0.33%"
"Dec 10, 2019","5.746","5.726","5.832","5.722","0.35%"
"Dec 09, 2019","5.726","5.733","5.766","5.726","-0.02%"
"Dec 06, 2019","5.727","5.932","5.932","5.727","1.01%"
"Dec 05, 2019","5.670","5.572","5.928","5.572","2.94%"
"Dec 04, 2019","5.508","5.541","5.541","5.508","-0.15%"
"Dec 03, 2019","5.516","5.542","5.640","5.516","-0.13%"
"Dec 02, 2019","5.523","5.543","5.543","5.517","-0.02%"
"Nov 29, 2019","5.524","5.531","5.544","5.524","0.16%"
"Nov 28, 2019","5.515","5.547","5.547","5.515","-0.59%"
"Nov 27, 2019","5.548","5.568","5.568","5.545","-0.14%"
"Nov 26, 2019","5.556","5.569","5.569","5.543","-0.02%"
"Nov 25, 2019","5.557","5.570","5.570","5.557","-0.02%"
"Nov 22, 2019","5.558","5.603","5.603","5.558","-0.16%"
"Nov 21, 2019","5.567","5.587","5.587","5.561","0.09%"
"Nov 20, 2019","5.562","5.588","5.588","5.562","-0.48%"
"Nov 19, 2019","5.589","5.589","5.601","5.589","-0.13%"
"Nov 18, 2019","5.596","5.641","5.641","5.590","-0.02%"
"Nov 15, 2019","5.597","5.629","5.629","5.597","-0.29%"
"Nov 14, 2019","5.613","5.638","5.638","5.613","-0.69%"
"Nov 13, 2019","5.652","5.689","5.689","5.652","0.11%"
"Nov 11, 2019","5.646","5.690","5.690","5.646","-0.48%"
"Nov 08, 2019","5.673","5.673","5.717","5.654","0.51%"
"Nov 07, 2019","5.644","5.632","5.663","5.632","0.43%"
"Nov 06, 2019","5.620","5.664","5.664","5.620","-0.90%"
"Nov 05, 2019","5.671","5.634","5.727","5.634","0.87%"
"Nov 04, 2019","5.622","5.666","5.666","5.622","0.09%"
"Nov 01, 2019","5.617","5.667","5.667","5.617","0.18%"
"Oct 31, 2019","5.607","5.669","5.669","5.607","-0.57%"
"Oct 30, 2019","5.639","5.646","5.670","5.639","0.28%"
"Oct 29, 2019","5.623","5.661","5.661","5.623","-0.25%"
"Oct 25, 2019","5.637","5.655","5.661","5.637","-0.28%"
"Oct 24, 2019","5.653","5.690","5.690","5.653","0.09%"
"Oct 23, 2019","5.648","5.672","5.690","5.648","-0.34%"
"Oct 22, 2019","5.667","5.851","5.851","5.661","-0.02%"
"Oct 18, 2019","5.668","5.730","5.730","5.662","-0.60%"
"Oct 17, 2019","5.702","5.708","5.732","5.693","0.42%"
"Oct 16, 2019","5.678","5.733","5.763","5.678","-0.54%"
"Oct 15, 2019","5.709","5.734","5.734","5.709","-0.12%"
"Oct 14, 2019","5.716","5.752","5.752","5.716","-0.64%"
"Oct 11, 2019","5.753","5.856","5.856","5.753","0.38%"
"Oct 10, 2019","5.731","5.798","5.798","5.731","-0.02%"
"Oct 09, 2019","5.732","5.768","5.768","5.729","-0.43%"
"Oct 07, 2019","5.757","5.799","5.799","5.739","-0.43%"
"Oct 04, 2019","5.782","5.723","5.860","5.723","0.68%"
"Oct 03, 2019","5.743","5.862","5.862","5.737","-0.83%"
"Oct 01, 2019","5.791","5.982","5.982","5.791","-0.03%"
"Sep 30, 2019","5.793","5.911","5.911","5.793","-1.91%"
"Sep 27, 2019","5.906","5.983","5.983","5.894","0.68%"
"Sep 26, 2019","5.866","5.943","5.949","5.843","0.58%"
"Sep 25, 2019","5.832","5.897","5.897","5.832","-0.41%"
"Sep 24, 2019","5.856","6.015","6.015","5.820","1.74%"
"Sep 23, 2019","5.756","5.809","5.898","5.756","0.49%"
"Sep 20, 2019","5.728","5.751","6.051","5.728","-1.34%"
"Sep 19, 2019","5.806","5.812","5.812","5.806","1.10%"
"Sep 18, 2019","5.743","5.930","5.930","5.743","-1.51%"
"Sep 17, 2019","5.831","6.018","6.018","5.831","1.00%"
"Sep 16, 2019","5.773","6.165","6.165","5.773","-0.02%"
"Sep 13, 2019","5.774","5.990","5.990","5.774","0.37%"
"Sep 12, 2019","5.753","5.991","5.991","5.753","-0.12%"
"Sep 11, 2019","5.760","5.875","5.875","5.760","-0.02%"
"Sep 09, 2019","5.761","5.788","5.788","5.761","-0.31%"
"Sep 06, 2019","5.779","5.797","5.814","5.762","0.05%"
"Sep 05, 2019","5.776","5.822","5.822","5.776","-0.31%"
"Sep 04, 2019","5.794","5.794","5.794","5.794","-0.31%"
"Sep 03, 2019","5.812","5.812","5.812","5.794","-0.41%"
"Aug 30, 2019","5.836","5.901","5.901","5.836","-0.09%"
"Aug 29, 2019","5.841","5.841","5.841","5.841","-0.07%"
"Aug 28, 2019","5.845","5.861","5.864","5.845","0.62%"
"Aug 27, 2019","5.809","5.809","5.809","5.809","0.05%"
"Aug 26, 2019","5.806","5.806","5.806","5.806","-1.58%"
"Aug 23, 2019","5.899","5.899","5.899","5.899","0.07%"
"Aug 22, 2019","5.895","5.895","5.895","5.895","0.27%"
"Aug 21, 2019","5.879","5.879","5.879","5.879","0.38%"
"Aug 20, 2019","5.857","5.857","5.857","5.857","-0.81%"
"Aug 19, 2019","5.905","5.905","5.905","5.905","0.17%"
"Aug 16, 2019","5.895","5.895","5.895","5.895","-1.42%"
"Aug 14, 2019","5.980","5.980","5.980","5.980","0.76%"
"Aug 13, 2019","5.935","5.935","5.935","5.935","0.46%"
"Aug 09, 2019","5.908","5.908","5.908","5.908","0.24%"
"Aug 08, 2019","5.894","5.894","5.894","5.894","-0.57%"
"Aug 07, 2019","5.928","6.072","6.134","5.928","-1.10%"
"Aug 06, 2019","5.994","5.994","6.000","5.994","-0.03%"
"Aug 05, 2019","5.996","5.996","5.996","5.996","-0.25%"
"Aug 02, 2019","6.011","5.980","6.011","5.977","-0.64%"
"Aug 01, 2019","6.050","6.075","6.075","6.050","0.52%"
"Jul 31, 2019","6.019","6.033","6.097","6.019","-0.38%"
"Jul 30, 2019","6.042","6.078","6.078","6.039","0.00%"
"Jul 29, 2019","6.042","6.099","6.099","6.042","-0.97%"
"Jul 26, 2019","6.101","6.172","6.172","6.094","0.26%"
"Jul 25, 2019","6.085","6.113","6.163","6.085","-0.15%"
"Jul 24, 2019","6.094","6.108","6.108","6.087","0.31%"
"Jul 23, 2019","6.075","6.110","6.110","6.075","0.10%"
"Jul 22, 2019","6.069","6.147","6.147","6.069","0.20%"
"Jul 19, 2019","6.057","6.149","6.149","6.043","-0.20%"
"Jul 18, 2019","6.069","6.118","6.188","6.069","-0.48%"
"Jul 17, 2019","6.098","6.084","6.168","6.084","-0.26%"
"Jul 16, 2019","6.114","6.176","6.176","6.114","-0.70%"
"Jul 15, 2019","6.157","6.178","6.178","6.153","-0.36%"
"Jul 12, 2019","6.179","6.227","6.227","6.179","-0.16%"
"Jul 11, 2019","6.189","6.231","6.231","6.189","-0.24%"
"Jul 10, 2019","6.204","6.579","6.579","6.163","0.76%"
"Jul 09, 2019","6.157","6.199","6.199","6.157","0.42%"
"Jul 08, 2019","6.131","6.296","6.296","6.124","-0.58%"
"Jul 05, 2019","6.167","6.235","6.256","6.167","-1.04%"
"Jul 04, 2019","6.232","6.335","6.335","6.232","-0.24%"
"Jul 03, 2019","6.247","6.240","6.301","6.240","-0.13%"
"Jul 02, 2019","6.255","6.289","6.307","6.255","-0.45%"
"Jul 01, 2019","6.283","6.344","6.344","6.283","-0.24%"
"Jun 28, 2019","6.298","6.305","6.345","6.271","0.17%"
"Jun 27, 2019","6.287","6.312","6.314","6.267","-0.02%"
"Jun 26, 2019","6.288","6.281","6.302","6.268","0.74%"
"Jun 25, 2019","6.242","6.235","6.262","6.223","0.42%"
"Jun 24, 2019","6.216","6.216","6.237","6.196","-0.03%"
"Jun 21, 2019","6.218","6.211","6.244","6.184","0.48%"
"Jun 20, 2019","6.188","6.188","6.221","6.161","-0.98%"
"Jun 19, 2019","6.249","6.242","6.249","6.222","0.63%"
"Jun 18, 2019","6.210","6.237","6.310","6.203","-0.45%"
"Jun 17, 2019","6.238","6.291","6.318","6.225","0.31%"
"Jun 14, 2019","6.219","6.285","6.292","6.219","-1.00%"
"Jun 13, 2019","6.282","6.295","6.295","6.282","-0.22%"
"Jun 12, 2019","6.296","6.309","6.309","6.283","-0.02%"
"Jun 11, 2019","6.297","6.304","6.330","6.297","0.08%"
"Jun 10, 2019","6.292","6.298","6.555","6.292","0.30%"
"Jun 07, 2019","6.273","6.431","6.431","6.273","-0.05%"
"Jun 06, 2019","6.276","6.348","6.348","6.237","-1.06%"
"Jun 04, 2019","6.343","6.434","6.434","6.343","-0.22%"
"Jun 03, 2019","6.357","6.370","6.403","6.335","-0.63%"
"May 31, 2019","6.397","6.436","6.449","6.378","-0.85%"
"May 30, 2019","6.452","6.471","6.471","6.449","-0.60%"
"May 29, 2019","6.491","6.471","6.491","6.458","0.40%"
"May 28, 2019","6.465","6.485","6.493","6.464","-0.42%"
"May 27, 2019","6.492","6.498","6.498","6.473","-0.11%"
"May 24, 2019","6.499","6.538","6.538","6.499","-0.14%"
"May 23, 2019","6.508","6.540","6.540","6.501","-0.31%"
"May 22, 2019","6.528","6.605","6.605","6.528","-0.11%"
"May 21, 2019","6.535","6.573","6.573","6.535","-0.11%"
"May 20, 2019","6.542","6.593","6.593","6.542","-0.79%"
"May 17, 2019","6.594","6.638","6.638","6.594","-0.12%"
"May 16, 2019","6.602","6.703","6.703","6.602","-0.11%"
"May 15, 2019","6.609","6.672","6.672","6.609","-0.20%"
"May 14, 2019","6.622","6.609","6.641","6.587","-0.11%"
"May 13, 2019","6.629","6.768","6.768","6.629","-1.32%"
"May 10, 2019","6.718","6.737","6.737","6.718","0.07%"
"May 09, 2019","6.713","6.757","6.763","6.706","0.00%"
"May 08, 2019","6.713","6.745","6.745","6.713","0.00%"
"May 07, 2019","6.713","6.783","6.783","6.713","-0.01%"
"May 06, 2019","6.714","6.783","6.783","6.714","-0.61%"
"May 03, 2019","6.755","6.727","6.796","6.720","0.69%"
"May 02, 2019","6.709","6.740","6.822","6.709","-0.19%"
"Apr 30, 2019","6.722","6.710","6.884","6.710","-0.65%"
"Apr 26, 2019","6.766","6.785","6.798","6.760","0.06%"
"Apr 25, 2019","6.762","6.805","6.836","6.762","0.46%"
"Apr 24, 2019","6.731","6.805","6.805","6.731","-0.46%"
"Apr 23, 2019","6.762","6.805","6.898","6.762","0.09%"
"Apr 22, 2019","6.756","6.991","6.991","6.756","0.45%"
"Apr 18, 2019","6.726","6.806","6.806","6.724","0.25%"
"Apr 16, 2019","6.709","6.697","6.807","6.685","0.16%"
"Apr 15, 2019","6.698","6.698","6.698","6.674","-0.01%"
"Apr 12, 2019","6.699","6.687","6.765","6.679","0.53%"
"Apr 11, 2019","6.664","6.718","6.718","6.664","0.27%"
"Apr 10, 2019","6.646","6.809","6.809","6.646","-0.20%"
"Apr 09, 2019","6.659","6.840","6.840","6.659","0.73%"
"Apr 08, 2019","6.611","6.750","6.750","6.611","0.62%"
"Apr 05, 2019","6.570","6.570","6.630","6.570","-0.03%"
"Apr 04, 2019","6.572","6.512","6.691","6.512","1.37%"
"Apr 03, 2019","6.483","6.543","6.567","6.483","-0.02%"
"Apr 02, 2019","6.484","6.532","6.532","6.484","-0.48%"
"Mar 29, 2019","6.515","6.532","6.532","6.515","-0.56%"
"Mar 28, 2019","6.552","6.576","6.605","6.552","-0.36%"
"Mar 27, 2019","6.576","6.576","6.576","6.576","0.34%"
"Mar 26, 2019","6.554","6.577","6.577","6.552","-0.18%"
"Mar 25, 2019","6.566","6.607","6.607","6.554","-0.45%"
"Mar 22, 2019","6.596","6.578","6.596","6.578","-0.03%"
"Mar 20, 2019","6.598","6.598","6.598","6.598","-0.20%"
"Mar 19, 2019","6.611","6.611","6.611","6.611","0.44%"
"Mar 18, 2019","6.582","6.542","6.582","6.542","0.43%"
"Mar 15, 2019","6.554","6.653","6.663","6.554","-0.91%"
"Mar 14, 2019","6.614","6.620","6.631","6.597","-1.14%"
"Mar 13, 2019","6.690","6.690","6.690","6.690","1.04%"
"Mar 12, 2019","6.621","6.656","6.656","6.621","-0.02%"
"Mar 11, 2019","6.622","6.622","6.679","6.622","-0.62%"
"Mar 08, 2019","6.663","6.645","6.663","6.616","-0.36%"
"Mar 07, 2019","6.687","6.676","6.687","6.676","-0.18%"
"Mar 06, 2019","6.699","6.665","6.699","6.665","0.77%"
"Mar 05, 2019","6.648","6.665","6.665","6.648","-0.43%"
"Mar 01, 2019","6.677","6.749","6.749","6.677","-0.80%"
"Feb 28, 2019","6.731","6.813","6.813","6.731","0.01%"
"Feb 27, 2019","6.730","6.793","6.793","6.730","-0.31%"
"Feb 26, 2019","6.751","6.794","6.808","6.751","0.55%"
"Feb 25, 2019","6.714","6.810","6.810","6.714","0.13%"
"Feb 22, 2019","6.705","6.907","6.907","6.705","-0.21%"
"Feb 21, 2019","6.719","6.767","6.767","6.719","-0.01%"
"Feb 20, 2019","6.720","6.768","6.768","6.720","-0.24%"
"Feb 18, 2019","6.736","6.750","6.913","6.736","0.16%"
"Feb 15, 2019","6.725","6.796","6.796","6.725","0.58%"
"Feb 14, 2019","6.686","6.847","6.847","6.686","0.04%"
"Feb 13, 2019","6.683","6.730","6.730","6.683","-1.47%"
"Feb 12, 2019","6.783","6.921","6.921","6.779","-0.16%"
"Feb 11, 2019","6.794","6.827","6.827","6.789","0.19%"
"Feb 08, 2019","6.781","6.970","6.970","6.758","-0.54%"
"Feb 07, 2019","6.818","6.879","6.879","6.818","-2.11%"
"Feb 06, 2019","6.965","7.164","7.164","6.965","-0.49%"
"Feb 05, 2019","6.999","7.047","7.047","6.999","-0.43%"
"Feb 04, 2019","7.029","7.034","7.070","7.013","0.59%"
"Feb 01, 2019","6.988","7.143","7.167","6.945","0.76%"
"Jan 31, 2019","6.935","6.963","7.146","6.930","-0.42%"
"Jan 30, 2019","6.964","6.983","7.006","6.964","0.00%"
"Jan 29, 2019","6.964","6.992","7.006","6.964","-0.34%"
"Jan 28, 2019","6.988","6.998","7.030","6.988","-0.16%"
"Jan 25, 2019","6.999","7.031","7.031","6.999","-0.37%"
"Jan 24, 2019","7.025","7.058","7.058","7.025","-0.01%"
"Jan 23, 2019","7.026","7.059","7.059","7.026","0.11%"
"Jan 22, 2019","7.018","7.037","7.037","7.013","-0.14%"
"Jan 21, 2019","7.028","7.084","7.094","7.028","-0.03%"
"Jan 18, 2019","7.030","7.048","7.085","7.030","0.16%"
"Jan 17, 2019","7.019","7.079","7.079","7.019","-0.07%"
"Jan 16, 2019","7.024","6.997","7.089","6.997","0.44%"
"Jan 15, 2019","6.993","7.044","7.113","6.993","0.37%"
"Jan 14, 2019","6.967","7.038","7.038","6.967","-0.47%"
"Jan 11, 2019","7.000","7.037","7.041","7.000","-0.04%"
"Jan 10, 2019","7.003","7.049","7.049","7.003","-0.34%"
"Jan 09, 2019","7.027","7.050","7.050","7.023","0.31%"
"Jan 08, 2019","7.005","7.115","7.115","7.005","-0.79%"
"Jan 07, 2019","7.061","7.075","7.167","7.061","0.24%"
"Jan 04, 2019","7.044","7.030","7.145","7.017","0.14%"
"Jan 03, 2019","7.034","7.102","7.102","7.006","0.64%"
"Jan 02, 2019","6.989","7.012","7.194","6.989","-0.67%"
"Jan 01, 2019","7.036","7.081","7.081","7.036","0.31%"